product_id,product_name,category,brand,cost_price,selling_price,stock,product_status
524,Up-sized fresh-thinking implementation,Clothing,Nestle,19769.86,20799.99,20,Active
603,Re-contextualized empowering circuit,Unknown_Category,LG,45778.64,51074.24,307,Active
527,Persistent tangible hierarchy,Beauty,Levis,44728.53,62512.72,428,Active
32,Stand-alone multi-tasking secured line,Beauty,Levis,39917.56,52954.61,201,Active
617,Optimized fault-tolerant attitude,Beauty,Apple,36391.61,39194.38,70,Inactive
586,Public-key system-worthy success,Toys,Apple,23891.56,27395.52,92,Inactive
445,Intuitive human-resource service-desk,Toys,Nestle,3257.69,3835.54,64,Active
733,Synergized holistic Graphical User Interface,Books,Levis,4177.77,6069.19,132,Active
77,Synergistic mobile instruction set,Electronics,Levis,29310.3,41243.19,397,Inactive
412,Pre-emptive systematic application,Books,Levis,14405.88,19237.42,149,Active
569,Expanded real-time help-desk,Grocery,Adidas,2795.83,3201.1,152,Active
71,,Books,LG,2576.37,3029.59,255,Active
676,Profound cohesive database,Beauty,Levis,32148.32,37558.05,82,Inactive
102,Robust content-based concept,Grocery,Nike,36167.52,50983.03,23,Active
895,De-engineered holistic help-desk,Books,Levis,47231.46,56371.92,243,Inactive
926,Vision-oriented 4thgeneration array,Grocery,Adidas,24272.7,34174.81,291,Active
630,Versatile contextually-based Graphical User Interface,Books,Samsung,46771.36,69362.26,3,Active
300,Face-to-face foreground adapter,Toys,Puma,34594.45,42413.2,283,Active
925,Mandatory upward-trending interface,Books,Sony,48980.35,69447.11,168,Active
425,Proactive context-sensitive functionalities,Toys,Puma,30711.32,41948.25,367,Inactive
97,Face-to-face dynamic concept,Beauty,LG,27209.3,36644.18,105,Inactive
901,Self-enabling next generation productivity,Electronics,Levis,47223.2,68464.3,255,Active
261,Upgradable web-enabled standardization,Electronics,Nestle,6246.1,6942.41,491,Inactive
351,Front-line zero-defect help-desk,Books,Samsung,43172.09,51307.92,302,Active
529,Integrated real-time solution,Clothing,Nike,27755.38,37514.55,393,Active
695,Intuitive methodical Graphical User Interface,Toys,Adidas,15319.05,21313.19,208,Inactive
362,Optional scalable architecture,Sports,Apple,31839.81,34306.34,-10,Inactive
612,Re-engineered systematic parallelism,Sports,Adidas,15914.86,20428.98,98,Inactive
885,Visionary upward-trending pricing structure,Grocery,Philips,20174.82,-100.0,62,Active
721,Innovative client-server customer loyalty,Clothing,Nestle,39862.52,55776.97,332,Inactive
487,Profit-focused web-enabled Graphical User Interface,Clothing,Apple,37074.7,54715.61,95,Active
694,Organic logistical throughput,Home,Samsung,7849.08,9537.9,169,Active
679,Fully-configurable reciprocal leverage,Books,Adidas,1065.94,1425.87,31,Inactive
810,Universal demand-driven conglomeration,Beauty,Apple,26570.34,37269.98,132,Active
409,Persistent coherent support,Beauty,Adidas,45486.11,56904.85,405,Active
741,Secured next generation customer loyalty,Books,Nestle,42602.56,46010.68,496,Active
214,Devolved content-based parallelism,Grocery,Samsung,41285.23,59118.73,375,Active
590,Object-based user-facing customer loyalty,Toys,Nestle,14137.88,20972.22,169,Active
366,Team-oriented executive concept,Sports,Apple,37592.28,55002.38,336,Active
200,Right-sized radical help-desk,Sports,Nestle,21842.18,23589.69,217,Active
637,User-friendly interactive installation,Grocery,Puma,18720.66,19879.2,189,Inactive
629,Business-focused client-driven middleware,Home,Samsung,29257.42,41746.79,181,Inactive
829,Programmable user-facing framework,Electronics,Adidas,8754.63,12800.42,391,Active
353,Adaptive 3rdgeneration emulation,Books,Nike,25290.11,37890.93,395,Inactive
330,Focused interactive architecture,Toys,Puma,39583.26,47436.94,405,Inactive
982,De-engineered global matrices,Sports,Nike,27927.34,41222.78,461,Active
838,Focused even-keeled process improvement,Sports,Philips,40338.79,58389.61,325,Active
245,Digitized zero tolerance infrastructure,Clothing,Philips,4163.99,5080.73,400,Inactive
287,Intuitive well-modulated architecture,Beauty,Nike,22344.02,27230.33,270,Inactive
290,Decentralized scalable knowledge user,Toys,Puma,45271.08,55474.79,350,Inactive
599,Synergistic dynamic frame,Toys,Puma,37224.26,44035.2,304,Inactive
762,Implemented heuristic middleware,Toys,Nestle,45553.93,63773.09,307,Inactive
60,Secured needs-based concept,Toys,Philips,904.31,1044.38,285,Inactive
623,Inverse system-worthy strategy,Home,Samsung,26901.17,34435.6,134,Inactive
319,Re-engineered optimal orchestration,Beauty,Samsung,21132.1,25407.94,419,Active
11,Switchable uniform info-mediaries,Grocery,Nike,18417.94,25650.37,99,Inactive
238,User-centric dedicated protocol,Books,Puma,26693.03,36279.48,197,Inactive
332,De-engineered heuristic service-desk,Grocery,Philips,968.99,1101.19,353,Inactive
706,Function-based systematic knowledgebase,Electronics,Apple,45958.96,57550.03,65,Inactive
87,Business-focused optimizing array,Home,Apple,3900.07,5066.11,499,Active
804,Organic executive complexity,Sports,Samsung,5959.58,8077.94,35,Active
175,Polarized dynamic architecture,Grocery,Samsung,16048.62,8024.31,121,Active
313,Automated zero tolerance architecture,Home,Levis,33617.66,35632.96,147,Inactive
463,Persevering 5thgeneration moratorium,Beauty,Adidas,30222.64,35475.36,15,Inactive
219,Object-based clear-thinking Local Area Network,Sports,Nike,35785.98,44683.17,249,Active
31,Team-oriented global structure,Home,Apple,28297.4,30257.79,316,Active
548,Programmable asynchronous initiative,Home,LG,11495.69,13205.59,411,Active
665,Right-sized system-worthy conglomeration,Clothing,Nike,7947.0,-100.0,447,Active
55,Advanced high-level toolset,Books,LG,838.5,1000.69,405,Inactive
24,User-centric regional moratorium,Electronics,Sony,43205.35,63052.89,391,Active
257,Focused object-oriented focus group,Books,Sony,20136.7,23783.62,395,Inactive
451,Organized multimedia parallelism,Grocery,Adidas,36533.1,47134.2,12,Inactive
4,Function-based demand-driven Local Area Network,Grocery,Levis,9548.14,11185.2,237,Active
834,Secured impactful ability,Grocery,Puma,27686.99,40624.47,289,Inactive
553,Persevering incremental projection,Books,Levis,36753.06,50537.76,88,Active
639,Streamlined uniform superstructure,Toys,Puma,17651.97,24431.33,9,Active
478,Virtual actuating encoding,Clothing,LG,32872.46,44161.25,23,Inactive
957,Distributed static open system,Beauty,Samsung,2617.19,3426.08,47,Inactive
663,Front-line well-modulated capacity,Electronics,Levis,26645.42,33397.09,497,Active
519,Persistent fresh-thinking analyzer,Beauty,Nike,9114.75,13309.31,282,Inactive
961,Integrated eco-centric superstructure,Clothing,Nike,33005.46,47633.87,406,Active
954,Reduced client-driven attitude,Beauty,Levis,34473.3,51678.92,375,Inactive
980,Vision-oriented explicit info-mediaries,Home,Adidas,31895.5,15947.75,268,Inactive
576,Profit-focused fresh-thinking core,Sports,Samsung,6751.74,8476.77,292,Inactive
540,Persevering upward-trending data-warehouse,Electronics,Apple,41998.26,58306.72,434,Active
216,Persistent tertiary task-force,Electronics,Adidas,18699.03,24451.71,270,Inactive
738,Fundamental non-volatile productivity,Grocery,Adidas,6848.34,8762.18,225,Inactive
999,Secured bi-directional protocol,Toys,Nike,46311.35,59820.62,152,Active
714,Automated mobile alliance,Clothing,Sony,21944.25,25770.04,178,Inactive
668,Optimized explicit architecture,Books,Nestle,11981.15,17202.8,498,Active
40,Organized transitional data-warehouse,Clothing,Adidas,22477.32,28083.84,278,Inactive
232,Cross-group 5thgeneration forecast,Clothing,Philips,40732.67,58296.52,257,Active
495,Future-proofed leadingedge archive,Clothing,Nestle,17450.04,18769.03,90,Inactive
705,Customer-focused intangible strategy,Beauty,Puma,44365.56,58234.32,78,Inactive
968,Synergistic encompassing instruction set,Electronics,Sony,39083.44,52152.21,56,Inactive
67,Cross-platform discrete infrastructure,Sports,Nestle,47886.06,69624.28,29,Active
295,Streamlined 4thgeneration projection,Sports,Adidas,33543.03,47825.71,368,Active
68,De-engineered motivating portal,Grocery,Nestle,3873.58,5573.64,385,Inactive
480,Grass-roots contextually-based encryption,Grocery,Sony,30643.43,39378.11,86,Active
329,Fully-configurable heuristic moderator,Beauty,Puma,1195.1,1328.48,419,Inactive
627,Balanced attitude-oriented implementation,Home,Nestle,29872.55,31656.96,460,Inactive
108,Integrated dedicated array,Sports,Puma,14535.71,20775.95,130,Active
984,Robust regional algorithm,Toys,Apple,9708.98,12000.02,104,Inactive
347,Sharable modular encoding,Electronics,Sony,32385.14,36822.88,119,Inactive
299,Vision-oriented composite success,Books,Nike,34801.03,46378.49,210,Active
644,Vision-oriented demand-driven protocol,Electronics,Nestle,28286.06,37421.99,65,Inactive
308,Decentralized multimedia monitoring,Grocery,Sony,19986.28,24626.62,355,Active
855,,Electronics,Nike,44451.07,64198.17,150,Active
507,Fully-configurable asynchronous pricing structure,Beauty,LG,20645.8,28482.57,369,Inactive
297,Realigned explicit benchmark,Beauty,Sony,27556.58,35116.39,121,Active
881,Profit-focused asymmetric data-warehouse,Clothing,LG,28661.25,39869.8,215,Active
667,Polarized 5thgeneration time-frame,Beauty,Nike,43690.1,49203.15,54,Active
101,Monitored exuding methodology,Books,Samsung,43542.03,56541.96,146,Inactive
89,Triple-buffered fault-tolerant instruction set,Beauty,Sony,47338.5,60113.65,419,Inactive
64,Reduced client-server instruction set,Sports,Levis,13964.1,19788.2,262,Inactive
844,Profit-focused reciprocal portal,Home,Sony,36568.15,40172.68,230,Inactive
889,Triple-buffered user-facing firmware,Clothing,Levis,31901.88,34887.72,328,Active
140,Triple-buffered analyzing protocol,Home,Nestle,22641.45,32856.51,326,Inactive
758,User-centric intermediate system engine,Sports,Nestle,34969.26,37780.05,452,Inactive
616,Integrated explicit projection,Books,Philips,10771.97,16124.45,100,Inactive
500,Managed modular success,Electronics,Levis,36007.77,52859.42,70,Active
666,Balanced radical algorithm,Beauty,Levis,30719.48,34744.15,439,Inactive
585,Profit-focused explicit circuit,Home,Sony,33445.72,41982.33,243,Active
110,Profound clear-thinking extranet,Clothing,Philips,28086.99,29663.38,396,Inactive
917,Grass-roots impactful superstructure,Clothing,Nestle,39213.06,44448.42,0,Inactive
651,Intuitive hybrid data-warehouse,Electronics,Sony,23926.94,34561.62,406,Inactive
534,Multi-layered object-oriented hierarchy,Home,Adidas,11468.81,13921.54,141,Inactive
446,Secured tertiary algorithm,Books,Apple,8323.34,8921.55,8,Active
606,Reduced real-time algorithm,Unknown_Category,Samsung,40270.09,43538.21,117,Active
137,Universal responsive framework,Grocery,Adidas,22331.08,33447.46,437,Active
812,Multi-channeled system-worthy customer loyalty,Electronics,Adidas,38040.1,49155.55,138,Inactive
515,Balanced composite solution,Books,Samsung,39987.18,55043.85,283,Active
754,Digitized transitional infrastructure,Books,Puma,14411.97,19364.02,144,Active
159,Centralized logistical data-warehouse,Sports,Apple,18832.38,20591.65,244,Active
311,Digitized clear-thinking middleware,Sports,Levis,363.34,522.52,198,Active
328,,Grocery,Levis,29312.73,37953.74,234,Inactive
137,Universal responsive framework,Grocery,Adidas,22331.08,33447.46,437,Active
936,,Sports,Samsung,1541.65,2185.49,147,Inactive
255,Re-engineered 3rdgeneration application,Sports,Puma,24048.84,27357.06,289,Active
276,Optional non-volatile model,Grocery,LG,30581.4,34802.45,466,Inactive
902,Object-based dedicated open system,Sports,Nestle,21902.57,28708.61,195,Active
185,Digitized attitude-oriented functionalities,Grocery,Samsung,47513.09,52006.49,348,Inactive
583,Streamlined cohesive frame,Grocery,LG,8988.77,9972.96,374,Active
661,Re-engineered executive synergy,Beauty,Adidas,22797.58,29506.15,129,Inactive
897,Configurable intangible core,Toys,Samsung,19409.86,23934.8,194,Inactive
210,Persistent discrete concept,Home,Nestle,33474.4,47492.28,205,Active
169,User-friendly fault-tolerant installation,Toys,Nestle,35958.01,47619.42,31,Active
867,Profit-focused multimedia complexity,Clothing,Samsung,45547.94,56362.85,281,Inactive
281,Managed maximized neural-net,Books,Samsung,46494.88,56187.78,32,Inactive
900,Cross-group object-oriented service-desk,Books,LG,9095.15,13264.34,189,Active
542,Organic bandwidth-monitored extranet,Clothing,Nestle,19537.64,27382.5,36,Active
56,Compatible dedicated functionalities,Electronics,Nestle,10118.55,14368.53,394,Inactive
121,Profit-focused web-enabled concept,Books,Nestle,46535.85,55097.46,252,Active
555,Face-to-face actuating groupware,Grocery,Nike,40120.86,43651.32,399,Active
26,Monitored 4thgeneration utilization,Toys,Sony,17579.26,23985.12,37,Inactive
73,Managed zero administration open architecture,Unknown_Category,Levis,37270.84,0.0,480,Active
539,Phased bandwidth-monitored definition,Sports,Puma,22416.4,27783.5,141,Active
45,Right-sized user-facing project,Electronics,Nike,25134.79,26979.29,143,Active
498,Total impactful artificial intelligence,Books,LG,26476.02,29221.47,72,Active
199,Face-to-face heuristic standardization,Sports,Samsung,36784.85,0.0,34,Inactive
378,Organized system-worthy monitoring,Sports,Philips,670.54,708.97,413,Active
315,Down-sized optimizing productivity,Toys,LG,38628.87,56453.65,202,Inactive
719,Visionary value-added interface,Beauty,LG,32531.46,37597.31,347,Inactive
209,Integrated object-oriented extranet,Clothing,Philips,3808.29,5199.27,183,Inactive
722,Customer-focused impactful hardware,Toys,Apple,25446.24,26876.91,344,Inactive
919,Robust homogeneous flexibility,Beauty,Nestle,32551.42,38591.96,109,Active
536,Programmable client-driven moratorium,Sports,LG,1745.83,2488.77,145,Active
696,Streamlined needs-based encoding,Electronics,Nike,9461.6,0.0,40,Active
605,Up-sized needs-based initiative,Home,Nike,45938.85,52111.84,467,Inactive
591,Pre-emptive zero administration collaboration,Beauty,Sony,45797.96,65346.14,108,Active
291,Optimized user-facing flexibility,Grocery,Levis,49280.59,56676.05,351,Inactive
960,Future-proofed motivating monitoring,Grocery,LG,45675.08,57951.39,283,Active
333,Stand-alone multimedia time-frame,Grocery,Levis,6448.34,7525.79,429,Inactive
211,Implemented upward-trending implementation,Home,LG,44136.26,54852.51,97,Active
343,Secured multimedia database,Clothing,Puma,46123.34,58707.03,57,Inactive
61,Intuitive 24hour open architecture,Electronics,Puma,18944.13,20705.9,164,Inactive
345,Organized upward-trending synergy,Sports,Philips,30479.34,38153.22,274,Inactive
891,Robust bifurcated time-frame,Home,Levis,49254.49,68761.15,193,Active
712,Compatible radical focus group,Toys,Samsung,41705.54,50410.77,296,Inactive
468,Virtual background solution,Electronics,Adidas,984.15,1203.8,122,Active
424,Down-sized disintermediate collaboration,Clothing,Adidas,7207.2,9416.78,4,Inactive
260,Virtual multimedia data-warehouse,Electronics,Nestle,6966.6,9387.26,231,Active
781,Right-sized national project,Books,Puma,35938.95,43962.92,232,Active
406,Monitored actuating methodology,Sports,Sony,1014.47,1479.5,140,Active
789,Decentralized multi-tasking ability,Books,Apple,24858.7,32913.48,144,Active
768,,Books,LG,46500.09,59131.78,326,Active
484,Customizable hybrid moderator,Toys,Sony,38320.73,51454.79,53,Active
531,Synergized value-added time-frame,Clothing,Nestle,4246.51,4631.24,93,Inactive
811,Front-line logistical framework,Toys,Apple,29129.89,37519.6,288,Active
1000,Triple-buffered 4thgeneration conglomeration,Toys,Adidas,21467.42,29640.14,486,Active
967,Streamlined multi-state function,Clothing,Nike,30117.17,35530.86,451,Inactive
111,Optional homogeneous budgetary management,Grocery,Levis,39909.54,53994.24,264,Inactive
996,Enhanced bi-directional encryption,Books,Nike,44900.09,51010.47,248,Active
559,Organized real-time intranet,Sports,Philips,27288.59,32412.49,141,Inactive
794,Quality-focused multi-tasking open architecture,Clothing,Apple,9113.01,10926.53,189,Active
937,Automated 3rdgeneration website,Toys,Nestle,13665.79,20009.56,335,Inactive
920,Multi-layered maximized pricing structure,Clothing,Nestle,41107.89,60221.69,262,Inactive
943,Focused 6thgeneration focus group,Books,Adidas,32310.55,43942.29,107,Active
320,Multi-tiered empowering support,Beauty,Levis,35777.77,38212.08,347,Inactive
517,Triple-buffered bifurcated leverage,Grocery,LG,11010.3,12088.05,92,Active
450,,Grocery,Nike,19476.88,23108.2,20,Active
784,Vision-oriented didactic Local Area Network,Clothing,Nestle,1906.79,0.0,130,Active
594,Visionary reciprocal complexity,Sports,Nike,11517.84,13960.85,121,Active
910,Multi-channeled bi-directional Graphic Interface,Clothing,Puma,20882.04,24948.61,444,Active
744,Distributed 24/7 instruction set,Grocery,Philips,34805.75,43997.37,186,Inactive
138,Customizable contextually-based budgetary management,Grocery,Nestle,1997.93,2315.75,72,Inactive
800,Exclusive mobile firmware,Books,Nestle,1201.4,1772.54,412,Inactive
934,Virtual stable circuit,Electronics,Philips,31516.08,45961.04,111,Inactive
823,Balanced encompassing infrastructure,Grocery,Levis,38091.7,54426.81,200,Active
766,Centralized needs-based definition,Sports,Adidas,7477.47,10670.5,476,Inactive
262,Quality-focused contextually-based workforce,Books,Adidas,15550.58,18769.37,181,Inactive
568,Networked dynamic contingency,Clothing,Adidas,591.14,732.49,401,Inactive
833,,Books,Samsung,47697.36,63906.65,218,Inactive
382,Right-sized heuristic structure,Toys,Puma,46617.1,66820.26,390,Active
334,Reactive systemic monitoring,Toys,Adidas,6481.77,9637.31,317,Active
537,Polarized multi-tasking open system,Clothing,Puma,48097.54,66532.42,349,Inactive
352,Upgradable regional instruction set,Sports,Puma,6782.56,7173.72,234,Inactive
786,Automated content-based architecture,Sports,LG,41814.52,58260.4,163,Inactive
452,Exclusive tangible functionalities,Electronics,Nike,8026.13,9342.23,109,Active
79,Optional next generation definition,Electronics,Nestle,29247.93,30872.54,149,Active
30,Customizable full-range knowledge user,Grocery,Adidas,16622.32,17542.3,196,Active
713,Down-sized bi-directional workforce,Books,LG,43957.06,57129.18,300,Active
278,Seamless incremental support,Home,Samsung,31686.84,38088.0,171,Active
248,Ameliorated tangible throughput,Sports,Adidas,27148.8,34838.95,119,Inactive
658,Organized explicit moderator,Beauty,Adidas,36606.52,50511.65,111,Inactive
307,Innovative modular software,Clothing,Apple,16706.4,24935.46,297,Active
166,Phased full-range workforce,Grocery,LG,22053.85,31505.27,427,Active
817,Persevering dedicated functionalities,Home,Nestle,30054.21,42567.23,208,Active
179,Secured regional structure,Books,Nike,35324.77,37402.99,395,Active
486,Open-architected context-sensitive archive,Sports,Philips,44668.44,64923.08,343,Inactive
66,Robust multi-tasking challenge,Grocery,Apple,37316.19,51555.83,282,Inactive
142,Synchronized local neural-net,Electronics,Puma,5409.04,6689.73,168,Inactive
437,Multi-lateral static algorithm,Toys,Levis,21616.19,31384.02,11,Inactive
523,Streamlined grid-enabled projection,Electronics,Apple,40585.75,57210.68,29,Inactive
845,Versatile static policy,Electronics,Apple,5257.89,6364.79,280,Active
421,Enterprise-wide neutral strategy,Books,Nike,16476.39,17397.44,488,Inactive
405,Diverse zero administration monitoring,Toys,Samsung,7926.26,10280.03,29,Active
680,Managed 6thgeneration challenge,Electronics,LG,33559.0,49785.49,375,Active
266,Diverse full-range adapter,Toys,Adidas,40738.37,55975.76,142,Active
880,Distributed contextually-based structure,Sports,Nestle,43680.68,58336.46,412,Active
293,Business-focused object-oriented matrix,Electronics,Nike,11256.92,13468.24,440,Active
222,Optional encompassing Internet solution,Electronics,Nike,32896.83,37781.63,167,Inactive
828,Ergonomic directional extranet,Home,Adidas,4069.96,5156.54,321,Inactive
236,Intuitive system-worthy Graphic Interface,Electronics,Nestle,46089.79,66974.12,432,Inactive
526,Ergonomic bi-directional utilization,Grocery,Apple,5776.78,6735.37,220,Inactive
193,Re-engineered 24hour circuit,Grocery,Puma,21890.71,29276.03,186,Inactive
322,Future-proofed leadingedge adapter,Electronics,Puma,37184.42,41663.38,236,Inactive
50,Multi-layered 24/7 encoding,Home,Levis,12449.46,14876.7,158,Active
892,Innovative static Internet solution,Sports,Apple,36895.13,47913.25,275,Active
3,Adaptive local adapter,Electronics,Nestle,42540.03,58117.33,184,Active
818,Function-based dynamic functionalities,Clothing,Philips,48844.21,54160.01,82,Active
371,Horizontal stable extranet,Books,Nike,48529.55,66269.85,405,Active
922,Cross-platform dynamic process improvement,Clothing,LG,7300.4,8151.36,-50,Inactive
250,Public-key eco-centric moderator,Beauty,Nestle,6331.99,7269.9,472,Active
549,Open-architected well-modulated archive,Toys,Apple,48873.82,55654.64,220,Inactive
433,Grass-roots exuding database,Beauty,Puma,38033.42,55746.19,142,Inactive
939,Stand-alone client-driven utilization,Beauty,Nestle,1147.42,1600.22,-100,Active
508,Customizable static challenge,Beauty,Nestle,1355.73,2010.38,101,Inactive
34,Intuitive heuristic support,Toys,LG,24860.75,33382.73,235,Active
205,Front-line optimal interface,Grocery,Philips,11974.26,16424.09,103,Inactive
890,Cloned real-time functionalities,Toys,LG,26971.42,38891.74,133,Inactive
589,Open-architected composite concept,Home,Nike,21985.05,30333.07,123,Inactive
731,Intuitive stable instruction set,Grocery,Adidas,7659.94,10382.35,-100,Active
78,Devolved actuating methodology,Sports,Apple,14831.83,16641.92,24,Inactive
85,Polarized even-keeled budgetary management,Clothing,Levis,33468.27,40528.3,284,Inactive
306,Multi-tiered 24hour interface,Books,Adidas,32111.93,38577.57,139,Active
83,Multi-channeled multi-tasking installation,Home,Puma,7433.16,8506.64,467,Active
449,Object-based disintermediate process improvement,Beauty,Levis,48159.15,56423.39,17,Inactive
998,Re-contextualized disintermediate knowledge user,Home,LG,14874.4,16771.89,167,Inactive
752,Versatile mobile pricing structure,Clothing,Apple,48747.73,56235.39,10,Active
532,Innovative secondary model,Grocery,Nike,35217.17,44089.45,398,Inactive
324,Function-based stable infrastructure,Grocery,LG,790.52,975.25,348,Active
496,Devolved asynchronous frame,Beauty,Samsung,5399.91,6089.27,154,Inactive
911,Pre-emptive discrete capacity,Toys,Samsung,34350.15,37774.89,112,Active
6,Optimized 6thgeneration moderator,Sports,Nestle,35487.88,51239.74,418,Inactive
426,Multi-lateral upward-trending firmware,Grocery,Samsung,22196.42,32976.01,4,Active
491,Secured value-added encryption,Sports,Nike,33639.06,40130.38,377,Inactive
98,Multi-layered asymmetric workforce,Clothing,LG,44729.27,61874.56,63,Active
762,Implemented heuristic middleware,Toys,Nestle,45553.93,63773.09,307,Inactive
423,User-centric static success,Electronics,Philips,48611.48,53206.08,230,Active
886,Function-based incremental extranet,Toys,Nestle,14274.75,20464.51,438,Active
282,Enhanced eco-centric system engine,Toys,Adidas,46686.75,65672.26,38,Active
267,Object-based zero administration migration,Grocery,LG,36358.48,40702.08,353,Inactive
443,Profound human-resource flexibility,Sports,Sony,3775.42,4159.29,339,Inactive
746,Universal coherent extranet,Books,LG,34453.3,38878.07,474,Active
383,Cross-group next generation success,Clothing,Sony,101.74,151.26,496,Inactive
693,Cross-platform user-facing pricing structure,Electronics,Samsung,14625.63,20067.27,438,Active
894,,Beauty,Levis,45084.43,60527.67,115,Inactive
535,Versatile radical structure,Electronics,Nestle,16161.68,22557.07,211,Inactive
119,Managed discrete model,Grocery,Apple,35207.68,45573.87,349,Inactive
389,Programmable even-keeled policy,Home,LG,1893.86,2239.47,442,Inactive
251,Multi-tiered zero-defect parallelism,Grocery,Apple,25409.41,30784.88,469,Active
944,Decentralized logistical alliance,Grocery,Levis,17887.62,20169.85,492,Active
454,User-friendly bifurcated instruction set,Home,Samsung,33172.56,41082.08,495,Inactive
10,,Home,Sony,5197.79,6974.35,457,Inactive
197,Upgradable attitude-oriented concept,Books,Nestle,26440.88,35167.55,172,Inactive
619,Polarized scalable capacity,Home,Nike,42235.98,45596.54,380,Inactive
82,,Electronics,Philips,17683.63,25113.98,73,Active
399,Enterprise-wide stable moderator,Home,Levis,26390.64,30241.21,288,Active
502,Secured fault-tolerant architecture,Grocery,Puma,26369.73,33230.53,89,Active
635,Vision-oriented explicit artificial intelligence,Books,Apple,8299.96,10868.82,294,Active
240,Front-line mission-critical help-desk,Toys,Apple,18212.56,19399.16,400,Active
310,Extended cohesive workforce,Toys,Sony,13533.55,16390.68,270,Inactive
212,Reverse-engineered impactful adapter,Beauty,LG,15274.09,17189.61,403,Inactive
835,Ameliorated systemic moderator,Toys,Philips,36047.28,51127.03,472,Inactive
381,Organized next generation budgetary management,Grocery,Nike,48049.52,53689.21,381,Inactive
602,Triple-buffered leadingedge structure,Clothing,LG,49839.08,52719.46,459,Inactive
228,Switchable impactful strategy,Sports,Philips,15473.38,18116.38,285,Active
874,Visionary 24/7 encoding,Grocery,LG,34613.35,42259.5,101,Inactive
360,Focused directional open system,Unknown_Category,Sony,23448.92,26464.3,377,Active
814,Open-architected upward-trending analyzer,Beauty,Levis,10920.22,16343.91,109,Active
178,Synergized systemic collaboration,Home,Nestle,19599.91,29230.77,118,Active
995,Implemented bottom-line application,Grocery,Nestle,36387.12,40554.81,498,Active
757,Diverse full-range utilization,Clothing,Adidas,24212.65,34666.01,127,Inactive
494,Pre-emptive didactic paradigm,Toys,Samsung,31825.83,38111.46,325,Inactive
335,Organized zero administration policy,Sports,Levis,43168.76,58018.31,339,Inactive
893,Secured client-driven encoding,Electronics,Sony,46574.27,69505.16,143,Active
8,Fundamental encompassing complexity,Beauty,Apple,6986.94,9155.64,15,Active
156,Progressive bi-directional adapter,Toys,Sony,28444.61,34649.7,49,Inactive
843,Face-to-face 6thgeneration infrastructure,Sports,Levis,8527.36,11609.02,76,Active
751,Down-sized 24hour software,Beauty,LG,4595.47,5022.87,362,Active
942,Reverse-engineered needs-based Local Area Network,Beauty,LG,3528.07,5038.28,240,Inactive
483,Persistent local solution,Electronics,Puma,1462.0,1549.11,295,Inactive
847,Public-key context-sensitive middleware,Clothing,Puma,36639.68,42635.27,445,Inactive
750,Re-engineered intangible extranet,Electronics,Levis,37729.35,49154.46,76,Active
904,Business-focused logistical function,Electronics,Nike,33388.1,40776.15,278,Active
592,Object-based uniform matrix,Toys,Samsung,770.42,1143.13,483,Inactive
953,Front-line systematic analyzer,Home,Puma,46024.84,67060.86,343,Inactive
581,Synchronized transitional superstructure,Unknown_Category,LG,30920.76,35742.22,200,Active
440,Realigned radical focus group,Beauty,Samsung,20250.47,26635.8,-50,Inactive
543,Fully-configurable actuating system engine,Sports,Philips,35829.33,42614.85,180,Inactive
597,Programmable global installation,Clothing,Sony,14970.36,19276.11,-50,Inactive
724,Monitored needs-based info-mediaries,Grocery,Puma,25064.55,0.0,278,Active
678,Self-enabling incremental firmware,Home,Nestle,35299.99,51186.48,388,Active
479,Inverse foreground info-mediaries,Sports,Adidas,23100.01,24915.15,228,Inactive
229,Polarized tangible infrastructure,Beauty,Levis,29691.9,37504.39,22,Inactive
975,Secured contextually-based access,Books,LG,48803.76,71596.13,222,Inactive
815,Synergized even-keeled approach,Beauty,Philips,45261.26,66063.65,385,Inactive
213,User-centric client-server hardware,Home,Apple,42359.3,59748.59,406,Inactive
80,Grass-roots static installation,Clothing,Adidas,1023.33,1351.28,68,Inactive
149,Triple-buffered transitional orchestration,Beauty,Adidas,33696.7,38891.5,392,Active
303,Synergistic disintermediate moderator,Clothing,Apple,33992.91,44683.23,351,Active
356,Horizontal context-sensitive capability,Toys,Apple,49200.05,58466.7,209,Inactive
430,Streamlined bandwidth-monitored time-frame,Books,Sony,6691.01,9388.6,151,Inactive
520,Reverse-engineered next generation approach,Electronics,LG,12155.54,18022.09,244,Active
363,Self-enabling multi-tasking portal,Electronics,Samsung,13773.01,16147.17,63,Inactive
595,Profound empowering moratorium,Books,LG,44169.43,49084.69,27,Active
358,Innovative discrete forecast,Electronics,Levis,32027.51,38108.11,439,Inactive
134,Face-to-face attitude-oriented system engine,Electronics,Adidas,8165.4,9418.06,135,Inactive
830,Streamlined disintermediate analyzer,Books,Samsung,11221.31,5610.65,310,Inactive
312,Persevering 24hour circuit,Grocery,Adidas,17829.55,19097.8,177,Active
622,Multi-tiered dedicated application,Grocery,Adidas,12009.6,17294.83,-100,Active
465,Balanced analyzing protocol,Grocery,Philips,26054.34,28665.51,298,Active
994,Re-contextualized fresh-thinking service-desk,Clothing,Nike,40665.28,54545.75,126,Inactive
1,Synchronized attitude-oriented Local Area Network,Electronics,Apple,1188.92,0.0,287,Active
317,Configurable asymmetric synergy,Grocery,Levis,40514.68,46142.15,386,Inactive
723,Ergonomic full-range policy,Clothing,Philips,37432.17,18716.08,228,Inactive
560,Monitored regional conglomeration,Books,Sony,24043.85,26753.66,441,Inactive
372,Triple-buffered intermediate task-force,Grocery,Nestle,37179.36,53914.15,315,Inactive
545,Team-oriented composite definition,Books,Samsung,35998.03,42245.72,216,Inactive
850,Customer-focused systematic protocol,Grocery,Puma,38092.73,50132.23,234,Active
395,Function-based context-sensitive initiative,Home,Adidas,903.21,1273.48,95,Active
173,Phased 5thgeneration analyzer,Sports,Nestle,17029.11,20502.57,418,Active
126,Horizontal exuding installation,Grocery,Sony,31410.26,33125.31,237,Inactive
899,Stand-alone exuding hardware,Grocery,Nestle,24847.8,26798.61,67,Inactive
579,Progressive coherent strategy,Electronics,Samsung,3401.45,3716.08,302,Active
949,Integrated client-server circuit,Beauty,Adidas,33758.2,40747.48,361,Active
921,Multi-channeled bifurcated productivity,Clothing,LG,42255.44,53999.05,153,Active
91,Horizontal local Internet solution,Toys,Sony,27305.68,30779.55,125,Active
971,Optimized leadingedge concept,Beauty,Nike,32499.96,39546.58,228,Active
182,Innovative cohesive success,Home,Samsung,3677.4,4505.02,287,Active
364,User-friendly zero administration strategy,Toys,Levis,46707.89,60207.3,121,Inactive
275,Cross-platform impactful approach,Toys,Samsung,33989.66,48613.32,294,Active
913,Progressive zero tolerance capability,Clothing,Puma,2346.2,3304.21,76,Inactive
70,Multi-tiered zero administration pricing structure,Grocery,Puma,2371.65,3539.59,264,Active
292,Integrated interactive archive,Clothing,Apple,4654.8,6130.67,57,Inactive
132,Balanced national database,Sports,Levis,18911.63,25690.06,209,Active
301,Horizontal context-sensitive infrastructure,Clothing,LG,26431.74,30602.5,165,Active
448,Virtual 5thgeneration flexibility,Beauty,Philips,34973.44,52003.39,299,Inactive
327,Enhanced cohesive process improvement,Books,Sony,29235.95,35904.61,267,Active
145,Multi-channeled directional open architecture,Books,Adidas,23336.89,27489.29,292,Inactive
552,Business-focused motivating moderator,Books,Sony,29769.38,43233.29,483,Inactive
596,De-engineered scalable interface,Electronics,Sony,22757.13,26332.32,278,Inactive
656,Realigned next generation knowledgebase,Home,Levis,4268.06,4710.81,305,Active
136,Compatible contextually-based emulation,Electronics,Adidas,32376.28,42910.3,310,Active
431,Re-engineered disintermediate flexibility,Unknown_Category,Philips,48565.53,54273.1,270,Inactive
165,Phased clear-thinking firmware,Toys,Samsung,3972.71,5703.13,5,Active
29,Vision-oriented empowering throughput,Beauty,Apple,19512.66,22320.37,414,Active
588,Future-proofed didactic conglomeration,Home,Levis,13120.22,17408.03,15,Active
194,Phased discrete frame,Grocery,Sony,24591.03,34050.52,286,Active
791,Advanced uniform software,Clothing,Sony,997.48,1123.32,137,Inactive
653,Expanded maximized project,Electronics,Samsung,24587.21,29913.61,236,Active
170,Enterprise-wide static strategy,Clothing,Adidas,611.63,877.25,236,Inactive
514,Quality-focused impactful definition,Grocery,LG,16972.91,17911.2,430,Active
141,Adaptive neutral installation,Toys,Nestle,43184.85,50068.63,372,Active
174,Re-contextualized national capacity,Home,Levis,41691.96,61451.03,366,Inactive
7,Focused web-enabled archive,Home,Philips,15361.67,16767.79,276,Inactive
657,Assimilated human-resource circuit,Electronics,Puma,7658.98,10613.14,2,Inactive
965,Object-based intermediate Internet solution,Toys,Nike,42764.57,53533.63,410,Active
74,Function-based discrete product,Books,Philips,2420.23,3491.34,178,Active
765,Fully-configurable mission-critical approach,Clothing,Nike,7002.44,7680.3,405,Active
654,Right-sized tertiary projection,Sports,Apple,11713.32,12567.62,152,Active
239,Cloned high-level customer loyalty,Beauty,Nike,18139.02,20229.35,221,Active
146,Open-source incremental circuit,Electronics,Apple,20701.12,24431.05,498,Inactive
809,Re-engineered 6thgeneration toolset,Electronics,Puma,9577.4,11001.04,414,Active
235,Customizable static paradigm,Sports,Nestle,46981.11,52306.62,81,Inactive
221,Visionary object-oriented methodology,Unknown_Category,Adidas,17834.55,8917.27,52,Inactive
501,Innovative holistic project,Toys,Nike,40885.33,56245.55,303,Inactive
674,Re-engineered encompassing function,Sports,Nestle,1551.36,2215.68,322,Active
133,Diverse 3rdgeneration hub,Toys,Sony,16356.13,20919.98,4,Inactive
812,Multi-channeled system-worthy customer loyalty,Electronics,Adidas,38040.1,49155.55,138,Inactive
434,Integrated composite adapter,Home,Nike,45841.68,64272.56,445,Inactive
671,Persevering high-level structure,Beauty,Samsung,35460.92,45773.84,324,Inactive
186,Cloned asynchronous pricing structure,Beauty,Puma,19271.44,22256.47,77,Inactive
42,Optimized non-volatile hierarchy,Beauty,Nestle,5346.74,5890.33,291,Active
626,Cross-group content-based success,Toys,Nike,2471.46,2971.58,404,Inactive
109,Open-architected content-based protocol,Home,Philips,43333.97,50082.24,31,Active
604,Phased homogeneous benchmark,Clothing,Nike,46169.36,66095.74,286,Inactive
57,Managed well-modulated firmware,Beauty,LG,14988.24,16985.7,0,Active
429,Right-sized non-volatile frame,Home,Samsung,8627.67,9570.1,391,Inactive
469,Ameliorated impactful matrices,Sports,Nestle,20856.51,23033.07,266,Inactive
577,Stand-alone full-range capacity,Home,LG,3024.35,3192.69,249,Inactive
878,Up-sized 24/7 archive,Clothing,Philips,32044.44,33817.31,207,Active
25,Profound mobile open architecture,Electronics,Apple,35248.81,47277.18,450,Inactive
441,Fully-configurable global projection,Sports,Samsung,12810.29,14789.11,429,Active
883,Vision-oriented impactful alliance,Home,Nike,41221.04,44763.98,72,Inactive
544,Intuitive grid-enabled workforce,Beauty,Levis,13072.5,16605.42,375,Active
634,Networked context-sensitive analyzer,Grocery,Apple,20312.94,25309.04,188,Inactive
831,Networked disintermediate task-force,Beauty,Apple,29399.48,37027.24,147,Active
945,Object-based dynamic analyzer,Electronics,Nestle,21468.11,30735.86,313,Inactive
339,Proactive fault-tolerant hub,Home,Apple,36209.0,45218.71,117,Inactive
52,Reactive user-facing architecture,Grocery,Puma,26575.98,28265.2,406,Inactive
384,Re-contextualized optimizing access,Home,Apple,29635.64,37418.54,141,Active
528,Right-sized content-based framework,Home,Levis,18080.61,21742.58,32,Active
939,Stand-alone client-driven utilization,Beauty,Nestle,1147.42,1600.22,-100,Active
888,Networked homogeneous conglomeration,Home,Adidas,39067.58,45174.88,113,Inactive
265,Grass-roots secondary monitoring,Books,Sony,48166.28,71076.18,387,Inactive
550,Right-sized transitional knowledgebase,Sports,Apple,20515.03,22254.81,436,Inactive
914,Innovative bifurcated standardization,Toys,Nestle,2282.08,2750.54,137,Active
698,Function-based radical structure,Beauty,Nike,23641.88,27895.84,291,Inactive
396,Stand-alone maximized matrix,Toys,LG,8366.2,12169.68,5,Inactive
530,Streamlined 4thgeneration function,Sports,Levis,30070.04,35761.41,411,Inactive
869,Inverse neutral Local Area Network,Beauty,Apple,44673.79,56324.88,337,Inactive
19,,Home,Nike,35053.53,49313.69,272,Active
732,Future-proofed system-worthy circuit,Books,Puma,44415.76,55822.14,194,Inactive
679,Fully-configurable reciprocal leverage,Books,Adidas,1065.94,1425.87,31,Inactive
582,Multi-tiered dedicated structure,Toys,Nike,14149.71,20634.52,236,Inactive
977,Integrated real-time ability,Sports,LG,43983.66,61242.73,303,Inactive
368,Fundamental composite contingency,Clothing,Apple,15088.17,22525.24,410,Inactive
84,Virtual stable budgetary management,Sports,Sony,23381.78,25725.28,11,Active
62,Horizontal background success,Electronics,Nike,17730.32,25465.09,362,Inactive
842,Fundamental demand-driven forecast,Clothing,Levis,23249.5,30697.03,265,Inactive
273,Business-focused multi-tasking analyzer,Grocery,Levis,31026.14,39881.98,282,Inactive
286,Synchronized asymmetric Graphical User Interface,Clothing,Levis,41310.51,54025.01,499,Active
361,Secured holistic matrix,Grocery,Nestle,45885.65,67640.86,-100,Inactive
355,Multi-tiered system-worthy Internet solution,Books,Sony,32011.42,37167.11,93,Inactive
482,De-engineered bi-directional archive,Grocery,Samsung,48218.46,68783.17,148,Active
279,Vision-oriented human-resource focus group,Grocery,LG,21182.45,30061.43,286,Active
13,Grass-roots stable toolset,Books,Samsung,1062.14,1517.35,278,Active
183,Horizontal secondary circuit,Electronics,Adidas,403.78,480.54,33,Active
369,Synergized holistic approach,Unknown_Category,Levis,35012.45,42152.82,453,Active
600,Vision-oriented uniform encryption,Electronics,Levis,26578.61,38651.36,441,Inactive
631,Self-enabling intermediate model,Clothing,Sony,15556.08,21391.24,31,Active
224,Synergistic 3rdgeneration matrices,Grocery,Apple,46090.31,48645.07,232,Active
972,Networked user-facing groupware,Grocery,Nestle,17827.36,18727.91,392,Active
715,Ameliorated web-enabled analyzer,Toys,LG,16628.74,24572.02,360,Active
778,Organized contextually-based software,Electronics,Sony,10235.9,11011.14,204,Inactive
558,Expanded directional application,Beauty,Apple,21483.68,25513.12,409,Inactive
466,Customizable impactful encoding,Grocery,LG,5835.0,7262.49,32,Inactive
598,Digitized multi-tasking time-frame,Books,Puma,25789.19,32359.3,212,Active
708,Secured encompassing throughput,Clothing,Levis,27022.97,32177.39,451,Inactive
177,,Beauty,Adidas,7058.02,9753.18,175,Active
681,Innovative actuating time-frame,Beauty,Sony,29221.32,35516.28,46,Active
854,Cloned content-based model,Grocery,Nestle,9160.89,13071.52,444,Inactive
955,Robust radical architecture,Beauty,Philips,25242.22,27400.04,278,Active
457,Intuitive even-keeled Local Area Network,Books,LG,21491.72,26079.1,-50,Inactive
533,De-engineered dedicated matrix,Clothing,Nike,3145.89,4643.31,120,Active
394,Expanded responsive application,Clothing,Nestle,27753.28,36933.84,395,Active
164,Re-contextualized maximized task-force,Grocery,LG,280.52,309.97,43,Active
249,,Books,Philips,47670.83,62138.15,261,Inactive
650,Compatible national strategy,Clothing,Nike,34753.28,46274.1,101,Inactive
903,Synergized cohesive support,Grocery,Apple,1044.29,1487.28,70,Active
685,Diverse reciprocal toolset,Books,Nike,26283.93,34242.06,91,Inactive
376,Multi-lateral value-added orchestration,Clothing,Philips,3454.32,4852.9,455,Active
413,Sharable coherent project,Grocery,Nestle,14718.34,20520.68,333,Active
75,De-engineered coherent Graphical User Interface,Electronics,Adidas,17261.02,21326.7,461,Inactive
114,Face-to-face neutral interface,Grocery,Adidas,42634.0,61584.48,270,Inactive
584,Ergonomic tangible implementation,Toys,LG,24456.08,-100.0,141,Active
573,Re-engineered impactful solution,Beauty,Philips,8998.64,12759.24,327,Active
391,Digitized radical neural-net,Grocery,Nike,31900.39,42012.26,304,Inactive
105,Balanced client-server intranet,Sports,Puma,11947.57,17261.1,398,Inactive
115,Persistent didactic hardware,Clothing,Philips,45406.75,55359.24,126,Inactive
418,Exclusive web-enabled collaboration,Beauty,Adidas,6489.75,7316.22,236,Inactive
669,Devolved analyzing ability,Books,Nike,42011.47,48444.44,172,Inactive
458,Fully-configurable logistical secured line,Toys,Apple,38722.06,54993.64,131,Active
410,Streamlined encompassing instruction set,Sports,Philips,33008.67,42993.43,222,Active
93,Profit-focused fresh-thinking groupware,Sports,Philips,32905.22,47294.85,103,Active
820,Ameliorated interactive synergy,Grocery,Puma,44649.06,62231.28,220,Inactive
90,Adaptive stable model,Beauty,Samsung,730.47,1067.03,347,Active
337,Synergistic fault-tolerant task-force,Beauty,Adidas,15520.19,23209.23,268,Inactive
860,Organized reciprocal software,Sports,Philips,42271.54,44481.62,154,Active
940,Enterprise-wide real-time algorithm,Clothing,Apple,13832.62,19438.31,127,Inactive
952,Advanced fresh-thinking monitoring,Sports,Sony,6767.57,9230.84,330,Inactive
884,Synergistic systemic ability,Home,Adidas,43643.7,46011.39,465,Active
621,Cloned even-keeled migration,Electronics,Nike,4207.05,5863.75,68,Active
790,Enhanced foreground strategy,Clothing,Apple,41176.52,47049.44,-10,Active
627,Balanced attitude-oriented implementation,Home,Nestle,29872.55,31656.96,460,Inactive
95,Digitized eco-centric strategy,Electronics,Samsung,36081.82,52544.04,202,Active
12,Face-to-face executive support,Toys,Adidas,42909.84,63960.75,341,Active
397,Switchable actuating access,Toys,Philips,1392.24,1778.0,414,Inactive
546,Cross-group executive neural-net,Grocery,Samsung,24811.78,33009.22,485,Active
44,Cross-platform high-level implementation,Electronics,Adidas,21721.83,31493.98,450,Active
43,Business-focused 4thgeneration model,Home,Sony,41278.79,57072.77,-100,Active
168,Reactive multi-state time-frame,Home,Levis,4779.53,5216.76,232,Active
417,Phased homogeneous pricing structure,Electronics,Nestle,44324.74,51998.34,154,Inactive
877,Open-source actuating knowledgebase,Electronics,Adidas,35679.35,44889.79,421,Inactive
427,Enhanced scalable adapter,Grocery,Nestle,39581.28,45745.32,341,Inactive
900,Cross-group object-oriented service-desk,Books,LG,9095.15,13264.34,189,Active
981,Reduced well-modulated customer loyalty,Toys,Levis,38153.74,56661.38,69,Active
976,Face-to-face next generation moderator,Toys,Adidas,37846.8,45299.41,53,Inactive
688,User-centric uniform encryption,Grocery,Nestle,20334.74,24512.67,467,Active
258,Decentralized background projection,Electronics,Sony,26095.14,36224.75,48,Inactive
336,Synchronized solution-oriented instruction set,Home,Puma,30509.44,34519.61,313,Active
16,Synergistic composite info-mediaries,Home,LG,34243.53,42901.43,73,Active
645,Stand-alone executive access,Electronics,Nestle,46241.21,54474.8,-100,Inactive
325,Fully-configurable mission-critical pricing structure,Books,Adidas,4576.73,6513.9,472,Inactive
775,Pre-emptive radical toolset,Home,Sony,34846.88,49908.6,165,Inactive
223,Persistent foreground info-mediaries,Toys,Apple,6660.21,8160.49,205,Active
180,Multi-layered user-facing algorithm,Grocery,Puma,16722.58,21563.56,318,Inactive
661,Re-engineered executive synergy,Beauty,Adidas,22797.58,29506.15,129,Inactive
522,Stand-alone responsive hierarchy,Grocery,Puma,38743.71,54190.8,139,Inactive
23,Diverse homogeneous hub,Toys,Nestle,28193.31,38642.29,43,Active
357,Assimilated fresh-thinking help-desk,Sports,Nike,20343.83,29287.27,76,Inactive
962,Centralized high-level Internet solution,Grocery,Puma,14927.8,21170.1,308,Inactive
906,Extended interactive framework,Books,Puma,48477.84,63614.39,361,Inactive
341,Grass-roots methodical groupware,Toys,Levis,33871.68,42099.5,339,Inactive
432,Down-sized content-based Internet solution,Clothing,Adidas,5631.2,6431.62,21,Inactive
774,,Books,LG,5428.59,6853.49,75,Inactive
851,Optional upward-trending framework,Clothing,Philips,4824.33,5345.59,223,Active
204,Automated secondary model,Beauty,Levis,44358.4,63983.89,117,Inactive
918,Distributed bottom-line matrix,Home,Sony,15744.58,21339.94,311,Active
94,User-friendly transitional implementation,Toys,Samsung,5279.13,6931.59,96,Active
571,,Toys,Nike,24658.83,28797.69,209,Active
69,Virtual value-added conglomeration,Sports,Adidas,29317.76,39667.46,-10,Active
755,Pre-emptive executive paradigm,Electronics,Levis,29454.54,38984.91,138,Active
285,Universal zero-defect challenge,Beauty,Samsung,38317.72,54410.23,309,Inactive
928,Focused secondary function,Sports,Levis,47328.7,56957.9,446,Inactive
435,Persistent national policy,Books,Nike,40606.25,56623.5,375,Inactive
154,Pre-emptive coherent implementation,Grocery,Samsung,43370.43,48844.12,167,Active
76,Front-line value-added focus group,Home,LG,7762.13,11149.8,58,Inactive
747,User-friendly foreground Graphic Interface,Sports,Levis,10773.17,14525.91,84,Active
447,Profit-focused intermediate array,Electronics,LG,22088.85,23494.44,276,Active
189,Streamlined value-added open architecture,Grocery,Samsung,18782.58,20654.39,293,Active
272,Open-source responsive frame,Grocery,LG,39675.72,52895.43,13,Active
237,Reduced zero tolerance framework,Books,Samsung,12952.27,15467.57,413,Inactive
488,Extended disintermediate website,Grocery,Samsung,41425.56,59533.12,473,Inactive
118,Devolved clear-thinking conglomeration,Books,Adidas,11703.95,15911.13,236,Active
836,Secured object-oriented productivity,Books,Puma,9636.05,10308.59,308,Inactive
513,Integrated multi-state matrix,Electronics,Adidas,35638.45,51791.28,208,Active
77,Synergistic mobile instruction set,Electronics,Levis,29310.3,41243.19,397,Inactive
686,Organic holistic initiative,Sports,Philips,37356.97,53446.46,78,Active
127,Profound 24/7 knowledgebase,Grocery,Apple,1781.78,2357.26,111,Active
117,Persistent mission-critical hub,Sports,Adidas,29555.22,31625.6,19,Inactive
474,Managed impactful productivity,Electronics,Apple,18574.21,26735.67,315,Inactive
709,Advanced national process improvement,Books,Nike,23749.97,29088.28,125,Inactive
58,Seamless bottom-line service-desk,Unknown_Category,Adidas,34773.91,36608.51,265,Active
690,Customer-focused needs-based artificial intelligence,Beauty,Sony,37870.36,0.0,41,Inactive
930,Automated next generation time-frame,Clothing,Nestle,13644.95,15479.41,212,Active
370,Face-to-face interactive architecture,Electronics,Levis,25556.23,36413.42,467,Inactive
269,Monitored context-sensitive pricing structure,Grocery,Samsung,7493.68,10547.94,473,Inactive
47,Ameliorated bifurcated moderator,Grocery,Nike,46778.9,56070.32,415,Inactive
350,Up-sized bi-directional standardization,Home,Samsung,46142.9,58126.63,439,Active
196,Adaptive maximized product,Electronics,LG,26619.52,37484.78,246,Active
320,Multi-tiered empowering support,Beauty,Levis,35777.77,38212.08,347,Inactive
852,Universal real-time intranet,Grocery,Samsung,23044.48,26026.94,54,Active
707,Sharable coherent productivity,Electronics,Levis,2625.93,3851.1,468,Active
753,Stand-alone methodical algorithm,Home,LG,46859.43,51051.46,461,Inactive
264,Programmable upward-trending algorithm,Books,Adidas,27585.94,32648.1,275,Inactive
444,Automated systemic architecture,Clothing,Nike,45689.2,63862.2,117,Active
959,Exclusive global core,Toys,Adidas,36955.21,49129.15,175,Inactive
305,De-engineered web-enabled array,Beauty,Nike,7732.13,11458.77,96,Inactive
342,Reduced reciprocal flexibility,Home,Apple,35576.79,51409.35,102,Active
614,Decentralized logistical data-warehouse,Clothing,Adidas,36748.43,48414.84,83,Inactive
987,Proactive radical capacity,Grocery,Nestle,32141.8,42883.16,336,Inactive
150,Re-contextualized secondary projection,Sports,Nestle,36298.44,44166.39,406,Active
125,Seamless logistical collaboration,Sports,Samsung,39946.3,50976.66,295,Inactive
803,Vision-oriented client-server system engine,Grocery,Puma,41185.65,59068.26,83,Active
870,Distributed multi-state process improvement,Beauty,Samsung,38991.09,47112.97,388,Inactive
51,Compatible multi-tasking firmware,Electronics,Nestle,8502.3,10979.96,230,Active
354,Organized systemic knowledge user,Electronics,Nestle,35174.53,49950.89,79,Active
946,Centralized scalable frame,Home,Adidas,37621.64,48120.41,149,Inactive
143,Business-focused non-volatile artificial intelligence,Home,Levis,11139.93,13206.81,361,Active
471,Persistent fresh-thinking project,Sports,Sony,4449.24,6345.74,489,Inactive
400,De-engineered full-range protocol,Books,Adidas,288.19,371.86,60,Inactive
717,Adaptive maximized infrastructure,Clothing,Apple,26542.43,37795.21,479,Active
321,Proactive intangible paradigm,Electronics,Philips,47489.27,52601.63,50,Inactive
20,Distributed radical migration,Electronics,Nike,46642.94,52777.77,176,Inactive
827,Extended context-sensitive paradigm,Home,Samsung,20764.0,27119.7,4,Active
807,Automated context-sensitive challenge,Grocery,Levis,46518.68,58077.81,188,Inactive
826,Multi-lateral high-level adapter,Books,Apple,36734.19,44030.03,368,Inactive
408,Cloned web-enabled service-desk,Electronics,Levis,47633.13,65738.89,122,Active
538,Universal high-level hardware,Sports,Nike,35882.93,44783.72,395,Active
636,Reverse-engineered secondary forecast,Toys,Adidas,45241.72,60340.41,458,Active
39,Distributed multi-tasking knowledgebase,Toys,Philips,25719.09,27149.04,470,Inactive
176,Virtual interactive database,Books,Apple,5089.21,5548.52,212,Active
246,Cross-platform demand-driven function,Books,Puma,40914.23,58462.48,254,Inactive
846,Polarized demand-driven matrices,Home,Philips,16559.21,19997.11,8,Active
683,Persevering logistical knowledgebase,Electronics,Puma,14556.03,15708.03,278,Active
771,User-friendly motivating flexibility,Clothing,Adidas,29557.97,40625.56,340,Inactive
969,Sharable holistic leverage,Beauty,Samsung,13070.06,16155.06,32,Active
155,Function-based explicit installation,Home,Levis,48134.3,52267.55,96,Active
288,Object-based didactic matrices,Grocery,Philips,15866.91,23268.26,150,Active
618,Reduced directional database,Clothing,Levis,38492.62,50004.73,121,Inactive
570,Implemented contextually-based orchestration,Home,LG,21958.34,27742.83,255,Inactive
760,Future-proofed uniform frame,Toys,Adidas,38544.41,53252.2,427,Active
18,Horizontal 5thgeneration policy,Toys,LG,30380.54,43942.17,233,Active
128,Profound next generation function,Beauty,Adidas,11440.09,12298.72,109,Active
323,Cloned executive archive,Books,Levis,24725.01,35866.34,252,Inactive
256,Devolved optimizing methodology,Books,Levis,38192.44,41460.16,459,Inactive
689,Organized well-modulated matrices,Grocery,Apple,28000.17,-100.0,184,Inactive
985,User-friendly multimedia software,Home,Adidas,38885.19,49727.78,406,Active
191,Organized actuating project,Clothing,Levis,12608.82,18019.6,492,Active
116,Profound multi-tasking website,Toys,Nestle,39057.34,45718.32,67,Inactive
632,Reverse-engineered disintermediate parallelism,Toys,Puma,7767.52,10743.86,125,Inactive
607,Self-enabling actuating monitoring,Beauty,Levis,22867.74,28400.42,234,Inactive
181,Down-sized coherent synergy,Home,LG,34785.51,50896.33,227,Inactive
302,Upgradable intermediate contingency,Home,LG,35909.04,39833.42,222,Active
941,Down-sized non-volatile info-mediaries,Books,Samsung,13332.94,16762.28,377,Inactive
729,Reverse-engineered eco-centric pricing structure,Clothing,Apple,40756.73,44667.33,321,Inactive
740,Exclusive disintermediate matrices,Clothing,Puma,46442.73,65366.17,35,Active
974,Progressive web-enabled knowledge user,Grocery,Levis,20977.21,0.0,255,Inactive
788,Distributed tangible Graphic Interface,Clothing,Samsung,12870.46,15906.83,371,Active
518,Advanced system-worthy benchmark,Toys,Levis,43768.12,54156.85,20,Active
412,Pre-emptive systematic application,Books,Levis,14405.88,19237.42,149,Active
46,Balanced even-keeled intranet,Electronics,Philips,25461.26,34858.07,10,Inactive
927,Future-proofed exuding flexibility,Home,LG,20102.4,21998.61,106,Active
158,Multi-lateral stable encoding,Clothing,Nike,22825.17,28037.69,159,Inactive
761,Pre-emptive regional focus group,Grocery,Apple,42240.07,51137.29,460,Active
172,Fundamental user-facing leverage,Beauty,Adidas,20075.09,27966.93,135,Inactive
17,Streamlined 5thgeneration firmware,Books,Adidas,16754.64,23384.12,117,Inactive
512,Public-key discrete encryption,Toys,Nike,41018.08,50564.43,381,Inactive
49,Polarized national challenge,Toys,Levis,16544.74,21152.93,20,Active
992,Devolved 3rdgeneration monitoring,Grocery,Adidas,32590.18,43481.77,333,Inactive
858,Mandatory local product,Home,Samsung,14061.47,7030.73,166,Inactive
516,Horizontal national throughput,Grocery,Adidas,23170.36,33665.56,120,Active
912,Synchronized reciprocal solution,Beauty,Adidas,12018.53,17975.19,12,Inactive
481,Switchable human-resource firmware,Home,LG,46913.28,67891.29,394,Inactive
284,Synergistic national solution,Beauty,Nike,2025.66,2194.27,187,Inactive
735,Polarized holistic budgetary management,Books,Philips,34611.93,40212.21,370,Active
670,Sharable responsive forecast,Books,Puma,6355.49,9398.44,331,Active
226,Balanced hybrid standardization,Electronics,Sony,48491.16,71209.11,485,Inactive
27,Configurable dedicated toolset,Sports,Philips,35321.29,47259.11,325,Active
799,Enhanced executive alliance,Electronics,Puma,33867.9,49418.49,439,Active
438,Monitored actuating paradigm,Beauty,Philips,27517.87,32299.02,88,Inactive
970,Robust logistical migration,Books,Nike,37928.73,51782.81,290,Active
365,Grass-roots responsive matrices,Home,Samsung,22386.23,32345.79,130,Inactive
230,Synchronized zero tolerance architecture,Toys,Sony,11447.82,14130.05,315,Inactive
38,Cloned logistical adapter,Electronics,Levis,48473.31,54649.9,162,Active
986,Cross-group well-modulated open architecture,Books,Philips,39260.71,56712.99,172,Active
375,Sharable secondary help-desk,Electronics,Philips,22943.31,28946.88,267,Active
470,Inverse multi-tasking workforce,Toys,Sony,8058.98,10704.27,409,Inactive
988,Customer-focused exuding success,Toys,Levis,35634.71,41608.72,254,Inactive
868,Synchronized non-volatile circuit,Sports,Samsung,19082.77,24835.42,403,Inactive
909,Multi-tiered mobile alliance,Beauty,Nestle,11351.83,16901.9,190,Active
742,Robust multimedia approach,Electronics,Nestle,2434.83,2629.58,174,Inactive
195,Streamlined scalable budgetary management,Toys,Nike,17661.02,26387.04,361,Inactive
935,User-centric cohesive synergy,Beauty,Nike,45422.26,62924.65,199,Active
882,Secured motivating matrices,Beauty,Adidas,12603.07,16183.47,210,Active
504,Re-contextualized 5thgeneration support,Toys,Apple,34246.68,40644.96,250,Inactive
990,Proactive client-driven superstructure,Home,Puma,27144.81,33576.12,28,Inactive
848,Horizontal directional adapter,Toys,Philips,28256.87,31641.04,327,Active
580,Multi-lateral interactive utilization,Books,LG,10771.37,15128.69,243,Active
989,Secured optimizing knowledgebase,Toys,Puma,23556.14,28614.89,103,Inactive
163,Digitized hybrid methodology,Books,Nestle,22412.3,25051.63,214,Inactive
718,Digitized empowering attitude,Books,Sony,42316.01,59953.36,395,Active
153,De-engineered multi-state analyzer,Clothing,Samsung,31284.48,45599.01,285,Active
697,Open-source global capability,Home,Nike,36109.1,38162.04,8,Inactive
716,Extended intangible task-force,Electronics,Nestle,9287.61,13206.98,193,Active
929,Programmable solution-oriented matrix,Home,Levis,12394.58,18394.64,450,Active
112,Cross-platform actuating circuit,Grocery,Philips,26074.32,31367.98,318,Active
227,,Books,Sony,48009.14,62448.02,299,Inactive
704,Down-sized background Local Area Network,Books,Sony,18245.55,26921.86,359,Inactive
104,Visionary explicit strategy,Books,Sony,9136.15,9682.25,55,Active
422,Re-contextualized tangible approach,Beauty,LG,22294.23,30983.44,134,Inactive
420,Organic non-volatile approach,Electronics,Nestle,36302.69,43754.73,492,Active
849,Programmable eco-centric attitude,Grocery,Philips,17140.0,20349.01,15,Active
587,,Home,Philips,5332.46,7822.15,375,Active
797,Switchable fault-tolerant utilization,Clothing,LG,39043.4,49817.0,189,Active
673,Multi-layered regional Graphic Interface,Books,Samsung,16743.44,18082.64,345,Active
120,Cloned multi-state intranet,Beauty,Nike,8801.38,12477.44,291,Inactive
54,Cross-group dynamic algorithm,Home,Apple,23539.32,33399.58,92,Inactive
152,Digitized multimedia workforce,Sports,Samsung,29170.5,40249.0,61,Inactive
404,Self-enabling didactic toolset,Electronics,Adidas,12402.36,14854.67,376,Inactive
964,Sharable object-oriented interface,Electronics,Nestle,48850.18,71241.81,343,Active
208,Future-proofed 5thgeneration leverage,Sports,Sony,33428.75,48137.96,292,Inactive
659,Adaptive real-time implementation,Beauty,Sony,29480.05,31249.86,374,Inactive
884,Synergistic systemic ability,Home,Adidas,43643.7,46011.39,465,Active
779,Organic multimedia policy,Grocery,Levis,42343.53,58269.6,263,Active
9,Enterprise-wide eco-centric projection,Sports,Puma,14621.52,18211.17,312,Active
825,Operative scalable superstructure,Toys,Sony,22166.89,25814.78,367,Active
37,Realigned 4thgeneration paradigm,Toys,Puma,30673.54,45555.3,23,Active
453,Assimilated incremental success,Beauty,Sony,20424.52,22297.46,179,Active
652,Team-oriented cohesive architecture,Grocery,LG,3463.93,4033.76,418,Active
254,Implemented solution-oriented methodology,Books,Samsung,5274.2,6915.01,219,Inactive
304,Focused stable leverage,Grocery,Adidas,12779.08,15089.63,170,Active
763,Integrated actuating open system,Home,Philips,31059.22,37731.39,-10,Active
572,Ergonomic contextually-based help-desk,Books,Adidas,43310.25,61566.79,400,Active
624,Persevering national info-mediaries,Grocery,LG,21572.57,23870.22,305,Active
859,Re-engineered dedicated application,Beauty,LG,14960.54,17048.33,85,Inactive
759,,Books,Samsung,26319.04,32614.47,221,Active
263,User-centric user-facing implementation,Grocery,Nike,48065.77,71157.39,120,Active
611,Secured full-range Local Area Network,Toys,Samsung,28561.08,34670.15,371,Inactive
298,Virtual cohesive circuit,Electronics,Samsung,3639.94,3848.16,247,Inactive
415,Exclusive multi-tasking ability,Books,Levis,31657.91,37509.86,126,Active
151,Grass-roots client-server standardization,Electronics,Apple,36743.59,49278.94,72,Active
862,Expanded didactic structure,Grocery,Adidas,35680.02,37482.3,109,Inactive
641,Reduced actuating product,Clothing,Nike,22969.1,27668.19,39,Inactive
907,Implemented client-driven functionalities,Electronics,LG,48882.97,67698.42,26,Active
551,Future-proofed mission-critical strategy,Electronics,Philips,44718.27,62571.52,494,Inactive
808,Operative leadingedge software,Home,LG,34727.49,42342.61,236,Inactive
489,Vision-oriented tangible database,Books,Levis,27694.98,31448.22,323,Inactive
711,Upgradable real-time hub,Clothing,Nestle,45850.5,61754.65,408,Inactive
148,Secured demand-driven software,Books,Adidas,44449.55,54796.68,412,Active
147,Mandatory 4thgeneration hierarchy,Clothing,Philips,46517.83,52852.9,237,Active
737,Cloned uniform parallelism,Beauty,LG,43496.96,64842.19,352,Active
950,Synergistic coherent conglomeration,Clothing,Puma,1485.69,1741.69,45,Active
756,Proactive systemic budgetary management,Books,Sony,5080.26,5891.53,379,Inactive
660,Persistent disintermediate portal,Clothing,Adidas,14752.53,21139.92,290,Inactive
349,Team-oriented empowering Graphic Interface,Electronics,Philips,3068.27,4068.02,149,Active
464,User-centric content-based forecast,Grocery,Nestle,10950.26,13807.48,6,Active
326,Decentralized local ability,Toys,Levis,18281.62,23350.33,201,Active
187,Managed leadingedge software,Books,Philips,17272.72,21184.76,225,Active
124,Front-line intermediate extranet,Home,Apple,6780.74,8422.13,224,Inactive
871,Cross-group zero tolerance encryption,Books,Nike,33716.65,45211.49,25,Inactive
609,Grass-roots radical superstructure,Electronics,Puma,44604.18,54719.53,-100,Active
144,Ergonomic real-time matrix,Sports,Samsung,18964.4,20986.12,91,Inactive
979,Extended responsive orchestration,Toys,Nike,31193.69,45981.09,450,Inactive
198,Multi-lateral asynchronous forecast,Sports,Puma,14539.99,19522.65,194,Inactive
610,Profit-focused eco-centric concept,Grocery,Adidas,5633.5,-100.0,111,Active
280,Extended foreground time-frame,Clothing,LG,6371.03,8060.63,313,Inactive
294,Customizable directional info-mediaries,Beauty,Apple,1991.08,2922.9,201,Inactive
401,Cross-platform coherent core,Electronics,Adidas,42596.93,57162.82,385,Inactive
123,Implemented reciprocal utilization,Toys,Adidas,8674.66,12313.31,230,Inactive
184,Profit-focused impactful projection,Sports,Sony,7916.25,11579.81,278,Inactive
203,Automated grid-enabled info-mediaries,Home,Samsung,3256.29,4709.69,315,Inactive
439,Optimized 6thgeneration info-mediaries,Electronics,Samsung,13007.65,18054.21,224,Inactive
247,User-friendly context-sensitive initiative,Grocery,LG,46849.55,51328.86,418,Inactive
416,Innovative secondary protocol,Clothing,LG,23708.13,33943.96,278,Active
793,Realigned secondary standardization,Clothing,Apple,4624.42,6094.61,362,Inactive
782,Switchable zero-defect instruction set,Grocery,Puma,25644.91,35083.9,435,Inactive
924,Vision-oriented client-server emulation,Electronics,LG,19815.45,22843.28,288,Inactive
785,Open-source optimizing circuit,Clothing,Sony,21266.85,22714.2,418,Inactive
905,Focused transitional Internet solution,Grocery,Samsung,33522.8,39631.25,223,Inactive
130,User-centric system-worthy neural-net,Beauty,Samsung,6990.35,10361.14,83,Inactive
638,Compatible client-driven alliance,Clothing,Samsung,23806.27,31176.77,-50,Inactive
403,Extended coherent orchestration,Grocery,Samsung,49113.38,57955.75,267,Active
801,Integrated client-server open architecture,Home,Levis,8489.0,9673.86,438,Inactive
787,Synergized explicit circuit,Grocery,Adidas,21158.16,26916.13,312,Active
736,Mandatory responsive project,Electronics,LG,46752.22,66420.38,108,Active
931,Team-oriented intermediate portal,Sports,Nestle,18596.47,25418.68,31,Inactive
220,De-engineered upward-trending moratorium,Home,Sony,4890.02,6957.81,206,Inactive
642,Seamless empowering standardization,Beauty,Puma,36481.16,42147.71,249,Inactive
933,Extended bifurcated info-mediaries,Sports,Sony,5009.88,6075.52,16,Inactive
853,Extended mobile framework,Home,Nike,13765.15,16556.67,273,Inactive
824,Inverse content-based project,Sports,Levis,27355.07,33931.8,485,Inactive
938,Persistent empowering methodology,Beauty,Adidas,40710.09,20355.04,403,Inactive
625,Re-contextualized homogeneous help-desk,Books,Sony,37342.82,49142.62,232,Inactive
856,Horizontal client-server approach,Electronics,Adidas,24774.28,28421.29,306,Inactive
951,Re-contextualized demand-driven intranet,Toys,Adidas,19774.64,29487.87,233,Inactive
387,Advanced heuristic interface,Home,Philips,18480.25,22529.57,124,Active
993,Up-sized needs-based parallelism,Home,Levis,29852.95,32775.51,161,Inactive
510,Open-architected secondary frame,Electronics,Samsung,1179.22,1620.05,385,Active
268,Polarized next generation secured line,Electronics,Sony,37303.2,45448.68,440,Active
837,Monitored cohesive circuit,Beauty,LG,4439.06,5840.05,422,Inactive
442,Extended background collaboration,Clothing,LG,16305.79,19449.75,298,Active
497,Face-to-face mission-critical open system,Clothing,Nike,2005.88,2961.64,169,Inactive
113,Extended user-facing functionalities,Books,Samsung,49175.32,59415.04,176,Active
692,Profit-focused 3rdgeneration throughput,Beauty,Philips,13957.91,16592.9,166,Active
233,Front-line modular knowledge user,Beauty,Puma,31938.51,37045.87,393,Active
887,Re-engineered 24hour array,Beauty,Nestle,29817.81,39984.02,361,Inactive
608,Optimized cohesive core,Clothing,Philips,8559.1,0.0,201,Inactive
672,Down-sized analyzing frame,Home,Puma,16893.16,20100.18,280,Active
374,Polarized intermediate conglomeration,Sports,Adidas,24559.16,34696.61,319,Active
738,Fundamental non-volatile productivity,Grocery,Adidas,6848.34,8762.18,225,Inactive
860,Organized reciprocal software,Sports,Philips,42271.54,44481.62,154,Active
234,Profound national matrix,Clothing,Apple,3012.55,3702.58,-10,Inactive
802,Pre-emptive client-server model,Toys,Puma,40868.03,43383.27,435,Inactive
677,Inverse exuding system engine,Toys,Philips,11816.21,13954.1,480,Active
318,Fully-configurable full-range artificial intelligence,Toys,Adidas,15556.6,16735.74,119,Active
649,Quality-focused 24/7 interface,Electronics,Philips,22885.09,32710.43,81,Inactive
411,Face-to-face actuating concept,Home,Philips,17076.29,24575.62,73,Active
916,Progressive 3rdgeneration website,Grocery,LG,29839.14,39632.61,392,Inactive
710,Open-source executive capability,Home,Puma,20546.08,30253.83,281,Active
359,Total eco-centric Local Area Network,Home,Levis,31395.42,35182.17,118,Inactive
259,Inverse value-added matrices,Toys,LG,37996.78,55563.26,401,Active
745,Automated context-sensitive hardware,Toys,Nike,12600.39,16060.82,5,Active
628,Vision-oriented multi-tasking pricing structure,Sports,Puma,9976.08,10864.62,378,Inactive
633,Diverse national success,Toys,Puma,33669.41,39990.37,386,Active
283,Enterprise-wide executive process improvement,Clothing,Adidas,27355.65,30249.02,165,Active
377,Vision-oriented multimedia intranet,Clothing,Nestle,22044.89,23457.58,498,Active
385,Profit-focused global process improvement,Home,Puma,20497.93,27823.74,189,Active
225,Multi-lateral neutral success,Sports,Nestle,24563.67,26708.8,257,Inactive
974,Progressive web-enabled knowledge user,Grocery,Levis,20977.21,0.0,255,Inactive
966,Reactive high-level analyzer,Grocery,Nestle,43975.51,50019.81,239,Active
473,Pre-emptive solution-oriented model,Sports,Adidas,39019.07,48666.73,476,Inactive
348,Multi-channeled responsive encryption,Beauty,Sony,458.76,650.87,482,Active
506,Multi-layered encompassing artificial intelligence,Books,Levis,11384.85,16145.87,71,Active
640,Intuitive eco-centric knowledgebase,Electronics,Puma,35552.42,41415.43,-10,Inactive
514,Quality-focused impactful definition,Grocery,LG,16972.91,17911.2,430,Active
798,Centralized needs-based support,Books,LG,25019.18,30442.87,31,Inactive
947,Reverse-engineered holistic artificial intelligence,Unknown_Category,Levis,43048.74,47896.47,205,Inactive
923,Synergistic heuristic monitoring,Clothing,Nike,29134.96,38523.04,291,Inactive
620,Configurable composite pricing structure,Beauty,Apple,2741.89,4023.41,176,Active
873,Adaptive incremental flexibility,Home,Philips,14109.69,18805.74,153,Active
821,Persevering bottom-line model,Toys,Philips,269.06,326.94,372,Active
646,Switchable encompassing system engine,Toys,LG,9695.28,10577.99,461,Active
864,Customer-focused 24hour contingency,Grocery,Puma,13737.98,16215.44,460,Inactive
557,Cross-group directional standardization,Grocery,Nike,34040.12,50278.19,164,Active
978,Innovative real-time structure,Books,Philips,17122.47,25209.21,390,Inactive
578,Devolved local process improvement,Grocery,Nestle,864.72,1006.38,46,Inactive
796,Virtual client-driven forecast,Books,Apple,47729.3,55844.19,192,Inactive
86,Public-key systemic software,Books,LG,20925.02,30475.97,455,Inactive
243,Business-focused leadingedge function,Toys,Levis,15770.62,22704.84,-10,Inactive
699,Streamlined secondary solution,Sports,Nike,41382.9,53535.57,445,Inactive
160,Up-sized attitude-oriented matrix,Beauty,Samsung,27243.46,31408.31,416,Active
525,Stand-alone needs-based Graphical User Interface,Books,Levis,47508.38,57970.67,101,Active
36,Team-oriented zero tolerance capacity,Home,Nestle,16962.84,21552.69,300,Active
541,Focused mission-critical core,Toys,Philips,48283.1,69931.41,15,Active
171,Customer-focused multi-state knowledge user,Clothing,Nestle,3774.09,4587.36,-10,Inactive
655,Universal attitude-oriented utilization,Toys,Adidas,35892.49,42943.53,428,Active
908,Upgradable multi-state policy,Electronics,Puma,17940.4,24357.79,316,Inactive
875,User-centric holistic protocol,Clothing,Adidas,40397.25,47044.23,205,Inactive
865,Front-line zero administration encoding,Home,LG,9659.57,14093.69,489,Active
963,,Beauty,Puma,23884.98,34223.85,267,Active
734,Synchronized scalable moderator,Electronics,Apple,5543.6,6926.42,140,Active
96,Monitored optimal leverage,Sports,Puma,37809.5,49147.41,44,Active
564,Integrated composite time-frame,Sports,Sony,5206.63,5948.88,55,Inactive
241,Universal local structure,Sports,LG,18765.63,22257.47,424,Inactive
743,Versatile system-worthy process improvement,Clothing,Nestle,34262.26,37547.69,260,Active
575,Inverse maximized firmware,Toys,Sony,36098.07,41254.37,424,Inactive
691,Assimilated neutral solution,Electronics,Apple,45137.7,59545.96,267,Active
461,Universal value-added secured line,Home,LG,27315.65,40032.39,457,Inactive
554,Robust eco-centric collaboration,Electronics,Philips,17338.3,18335.79,19,Active
896,Robust radical knowledge user,Electronics,Sony,40746.76,44326.97,400,Inactive
207,Digitized system-worthy structure,Grocery,Philips,12614.08,14324.02,179,Active
393,Total fresh-thinking knowledgebase,Home,Adidas,12085.92,16529.77,191,Active
795,Intuitive real-time superstructure,Clothing,Puma,39870.79,49780.45,225,Active
398,Multi-tiered directional utilization,Home,Levis,40272.74,60075.77,296,Inactive
767,Multi-lateral fresh-thinking methodology,Electronics,Nike,34533.66,41703.0,404,Active
866,Enterprise-wide bandwidth-monitored complexity,Sports,Adidas,3295.02,4169.98,403,Active
218,Focused directional utilization,Books,Philips,29868.66,39140.08,499,Inactive
5,Synchronized interactive functionalities,Books,Levis,37956.2,47010.94,170,Inactive
769,Optimized modular framework,Books,Nestle,35344.21,47284.08,500,Inactive
643,Seamless asymmetric concept,Grocery,Puma,43103.12,63062.7,74,Active
915,Programmable 3rdgeneration productivity,Toys,Philips,28458.29,41534.12,343,Active
613,Automated national focus group,Grocery,Levis,31316.39,42824.39,474,Inactive
739,Ergonomic needs-based hierarchy,Clothing,Philips,20573.19,27759.83,131,Inactive
547,De-engineered content-based initiative,Home,Adidas,37508.4,51606.55,69,Active
726,Streamlined solution-oriented help-desk,Home,Philips,1757.3,2540.5,240,Active
684,Ameliorated client-driven protocol,Toys,Puma,32296.29,38502.2,424,Inactive
99,Pre-emptive composite infrastructure,Home,Puma,27923.63,37182.61,140,Inactive
805,Upgradable logistical help-desk,Grocery,Levis,19867.61,26082.27,164,Active
728,Multi-layered radical flexibility,Home,Puma,49221.8,60025.9,77,Active
574,Ameliorated 6thgeneration migration,Grocery,Nestle,8393.31,10142.28,6,Active
407,Devolved discrete time-frame,Clothing,Adidas,7885.45,10486.75,495,Active
503,Implemented full-range info-mediaries,Sports,Adidas,6076.77,7816.83,360,Inactive
48,Synergistic bandwidth-monitored model,Grocery,Nike,38747.37,52007.69,92,Active
33,Multi-tiered neutral initiative,Grocery,Philips,27945.87,34746.71,318,Inactive
780,Quality-focused non-volatile encoding,Clothing,Levis,24043.18,25845.81,139,Active
840,De-engineered logistical initiative,Clothing,Samsung,27582.78,30332.75,171,Inactive
201,Mandatory asymmetric initiative,Beauty,Nike,2204.16,3210.86,361,Active
135,Business-focused cohesive Local Area Network,Electronics,Philips,12942.71,18159.45,66,Inactive
28,Switchable interactive solution,Clothing,Puma,27996.08,34154.01,324,Active
948,Grass-roots full-range initiative,Books,Levis,32457.46,37786.46,392,Active
231,Centralized even-keeled middleware,Beauty,Samsung,22427.01,33141.14,309,Active
490,Adaptive cohesive info-mediaries,Sports,LG,42404.83,60384.97,178,Active
773,Assimilated 6thgeneration leverage,Books,Apple,1077.01,1295.91,459,Active
379,Secured bi-directional concept,Grocery,Adidas,10037.36,11924.11,203,Active
289,User-friendly optimal matrix,Toys,Philips,33539.45,38571.93,124,Inactive
419,Cross-group user-facing productivity,Grocery,Apple,14039.76,18160.26,422,Inactive
675,Extended non-volatile ability,Books,Levis,18579.16,22833.87,282,Active
392,Quality-focused neutral software,Grocery,Sony,540.33,658.91,352,Active
593,Up-sized executive protocol,Electronics,Nike,29797.81,33481.82,373,Inactive
499,Self-enabling composite standardization,Grocery,Levis,36290.18,45838.68,402,Active
139,Networked needs-based hardware,Sports,Levis,38685.55,42767.63,102,Inactive
63,Managed non-volatile architecture,Sports,Samsung,14526.79,21420.92,216,Active
472,Grass-roots coherent open architecture,Home,Adidas,8377.22,0.0,463,Active
648,Programmable didactic open architecture,Home,Puma,37248.28,40110.64,254,Inactive
129,Monitored responsive architecture,Books,Adidas,15303.84,21724.59,489,Inactive
997,Organized solution-oriented firmware,Beauty,Nike,4007.65,4929.53,113,Inactive
521,Polarized local solution,Home,Nike,37644.57,56206.99,115,Active
839,Optional next generation complexity,Grocery,Apple,45364.34,61609.35,182,Active
983,Expanded neutral standardization,Beauty,Levis,44932.63,47742.74,243,Inactive
65,Persevering eco-centric architecture,Books,Sony,43188.91,56095.27,-50,Inactive
813,Multi-tiered reciprocal synergy,Grocery,Sony,35700.38,49318.31,6,Inactive
15,Fundamental high-level help-desk,Home,Adidas,37780.0,44902.12,14,Active
157,Re-contextualized multi-tasking approach,Electronics,Puma,16380.24,19015.4,478,Active
41,Mandatory clear-thinking knowledge user,Sports,Nike,37607.75,50501.64,377,Active
493,Total even-keeled pricing structure,Toys,Apple,14597.24,21622.65,215,Active
380,Triple-buffered zero-defect methodology,Beauty,LG,40478.53,46591.06,-100,Inactive
188,Realigned fresh-thinking solution,Clothing,Nike,32779.52,40957.31,65,Active
764,Persevering interactive website,Clothing,Sony,20302.02,24657.26,348,Active
217,User-friendly value-added contingency,Toys,LG,24437.77,35698.17,437,Active
792,Triple-buffered web-enabled workforce,Sports,Levis,14945.22,17076.52,328,Inactive
53,Ameliorated contextually-based policy,Toys,Sony,46623.69,55320.68,393,Inactive
879,De-engineered web-enabled collaboration,Beauty,Samsung,37137.84,51694.27,433,Active
338,Function-based zero administration throughput,Clothing,Adidas,15764.56,20662.83,439,Inactive
749,Balanced 24hour model,Home,Adidas,38939.24,56717.04,339,Inactive
720,Multi-channeled stable toolset,Clothing,LG,27531.63,31876.85,486,Active
725,Digitized multi-tasking standardization,Beauty,Apple,5404.58,7071.44,476,Inactive
296,Future-proofed mission-critical adapter,Grocery,Nestle,7027.66,9024.24,90,Active
702,Innovative bifurcated project,Clothing,Nike,16135.09,23987.37,372,Inactive
252,Mandatory needs-based monitoring,Beauty,LG,6496.58,8698.38,205,Inactive
727,Ameliorated fault-tolerant conglomeration,Electronics,Sony,221.65,292.08,119,Active
462,Universal executive portal,Grocery,LG,38988.45,55516.29,376,Inactive
456,Devolved zero tolerance project,Books,Adidas,39825.88,44500.1,417,Active
281,Managed maximized neural-net,Books,Samsung,46494.88,56187.78,32,Inactive
816,Versatile national matrices,Clothing,Nike,3587.52,4978.41,388,Active
863,Open-architected bottom-line methodology,Beauty,Levis,7526.4,9249.08,177,Active
270,Front-line content-based budgetary management,Sports,Levis,8233.51,12054.76,121,Inactive
202,Pre-emptive intermediate moderator,Electronics,Levis,36644.76,43719.89,-50,Active
162,Stand-alone neutral hierarchy,Sports,Philips,25305.73,35834.2,125,Inactive
556,Reverse-engineered neutral infrastructure,Electronics,LG,40608.54,54178.14,297,Inactive
730,Ergonomic 3rdgeneration standardization,Clothing,Levis,36779.67,38919.96,212,Inactive
402,Visionary 24/7 framework,Beauty,Adidas,10026.47,11135.68,167,Active
703,Fundamental client-server initiative,Toys,Philips,43281.95,45682.06,372,Inactive
477,Fully-configurable leadingedge neural-net,Clothing,Apple,16982.31,20032.3,190,Active
822,Optional client-server open system,Electronics,Puma,15284.14,22805.22,201,Inactive
772,Cross-platform web-enabled monitoring,Sports,Samsung,35200.27,0.0,452,Inactive
106,Future-proofed optimal array,Beauty,Samsung,3954.76,5721.05,412,Active
566,Virtual transitional frame,Toys,Sony,37291.61,45677.68,449,Active
390,Innovative grid-enabled matrices,Home,LG,591.11,773.64,161,Active
2,Right-sized user-facing Internet solution,Electronics,LG,42910.97,50276.47,79,Inactive
991,Seamless maximized firmware,Toys,Nestle,23481.89,24685.44,265,Active
741,Secured next generation customer loyalty,Books,Nestle,42602.56,46010.68,496,Active
562,Adaptive fault-tolerant flexibility,Beauty,Levis,37719.75,49918.17,427,Active
932,Advanced 6thgeneration open system,Grocery,LG,48190.57,51422.06,127,Inactive
81,Networked dynamic productivity,Clothing,Adidas,12985.08,18027.55,34,Active
206,Object-based contextually-based portal,Electronics,Nike,14845.5,18594.84,27,Inactive
35,Function-based dedicated model,Sports,Nike,2620.95,3514.51,329,Active
776,Public-key fault-tolerant intranet,Beauty,LG,26897.41,32131.81,414,Inactive
509,Ameliorated 6thgeneration support,Sports,Sony,2731.58,3962.64,144,Inactive
428,Persevering asynchronous moderator,Grocery,Apple,28800.94,42063.44,347,Inactive
455,Seamless 6thgeneration time-frame,Grocery,Sony,15722.51,21538.43,161,Inactive
367,Object-based motivating Local Area Network,Electronics,Sony,9238.25,12046.46,275,Active
92,Phased cohesive monitoring,Sports,Philips,634.81,678.71,69,Active
340,Automated incremental standardization,Toys,Nike,40408.79,44904.53,299,Active
898,Public-key bifurcated intranet,Sports,Levis,4929.18,7369.44,412,Active
565,Vision-oriented zero-defect database,Home,Philips,26137.29,38155.43,296,Inactive
346,Proactive fresh-thinking info-mediaries,Electronics,Nestle,14797.05,17122.85,449,Inactive
777,Multi-channeled optimal synergy,Books,Levis,8977.19,9458.39,454,Inactive
242,Distributed 5thgeneration function,Beauty,LG,39398.02,56968.09,103,Active
14,Fundamental multimedia groupware,Home,Samsung,25797.14,37083.79,143,Inactive
316,Adaptive bandwidth-monitored time-frame,Home,Sony,35270.09,44385.02,463,Active
601,Profit-focused 4thgeneration customer loyalty,Home,Nike,15678.35,21601.57,331,Inactive
388,User-friendly human-resource Graphical User Interface,Books,Nike,36155.62,50763.3,495,Inactive
274,Open-architected homogeneous utilization,Grocery,Nike,43914.02,47226.77,245,Inactive
167,Open-architected zero-defect paradigm,Toys,Levis,8609.06,10413.22,130,Inactive
841,Re-contextualized fresh-thinking productivity,Home,Nike,3399.85,5039.6,328,Active
637,User-friendly interactive installation,Grocery,Puma,18720.66,19879.2,189,Inactive
647,Down-sized foreground archive,Toys,Samsung,2305.58,3259.27,278,Active
819,Decentralized full-range archive,Clothing,Sony,3894.99,5594.13,301,Inactive
485,Diverse grid-enabled superstructure,Clothing,Nestle,16232.03,17661.11,438,Inactive
522,Stand-alone responsive hierarchy,Grocery,Puma,38743.71,54190.8,139,Inactive
505,Customer-focused heuristic hardware,Home,Samsung,28092.45,32297.18,393,Active
832,Configurable systemic matrix,Grocery,Philips,19356.11,25491.56,465,Active
244,,Sports,Sony,3641.16,3838.33,21,Active
567,Devolved 3rdgeneration workforce,Beauty,Sony,40075.11,56402.95,55,Active
876,Sharable 24/7 groupware,Books,LG,13255.49,16637.39,329,Active
563,User-centric system-worthy standardization,Beauty,Levis,30459.86,44825.6,350,Inactive
973,Reverse-engineered clear-thinking product,Clothing,Samsung,27634.61,35098.29,218,Inactive
687,Cloned mission-critical archive,Grocery,Puma,34287.48,37825.05,303,Active
958,Multi-lateral encompassing structure,Clothing,Adidas,18453.91,19701.55,390,Inactive
190,De-engineered mobile encoding,Books,Samsung,29885.01,44248.52,158,Active
783,Open-source didactic adapter,Sports,Sony,16292.13,22083.89,456,Inactive
700,Seamless multimedia matrix,Home,LG,4007.44,5450.27,325,Inactive
476,Self-enabling real-time portal,Unknown_Category,Nestle,40649.36,43651.43,243,Active
682,Expanded value-added implementation,Beauty,Nestle,48625.99,69345.91,171,Active
511,Right-sized didactic collaboration,Clothing,Nike,24109.27,25782.81,60,Active
59,Decentralized upward-trending forecast,Home,Apple,48548.68,68473.11,412,Active
475,,Toys,Adidas,27372.28,40988.61,400,Active
561,User-friendly asymmetric instruction set,Toys,Samsung,44741.51,47124.25,282,Active
857,Realigned explicit software,Toys,Samsung,34804.98,43787.66,114,Active
748,Universal discrete frame,Electronics,Puma,12511.43,6255.72,226,Inactive
253,Devolved modular groupware,Beauty,Nestle,29966.46,33875.13,263,Active
22,Optional reciprocal solution,Electronics,Apple,24062.26,32026.32,187,Inactive
314,Optimized exuding time-frame,Toys,LG,16376.67,20320.96,133,Inactive
460,Diverse optimizing model,Books,Puma,14797.46,20991.5,291,Active
161,Persistent holistic complexity,Books,Philips,38851.11,44657.78,189,Inactive
277,Configurable systematic model,Home,Levis,38701.0,56492.68,340,Active
956,Ergonomic content-based circuit,Books,Nike,43551.36,65290.28,476,Inactive
192,Open-architected needs-based budgetary management,Grocery,Apple,26574.85,37442.22,199,Inactive
386,Multi-channeled background capability,Clothing,Samsung,46429.61,51007.28,395,Inactive
806,Multi-layered content-based emulation,Books,Adidas,42405.26,49910.27,128,Inactive
414,Down-sized dynamic software,Books,Adidas,21379.98,30670.73,308,Active
492,Multi-lateral actuating capacity,Sports,Apple,4751.65,6781.3,97,Inactive
344,Automated uniform neural-net,Grocery,Nestle,18378.55,27450.27,384,Active
770,Managed dedicated synergy,Grocery,Apple,42149.45,47327.1,481,Active
309,Synergized 24hour flexibility,Clothing,Samsung,9191.68,12534.25,457,Active
662,Optional analyzing system engine,Unknown_Category,LG,16801.42,24316.54,26,Active
131,Advanced responsive intranet,Electronics,Philips,47809.05,64892.8,313,Inactive
664,Quality-focused fault-tolerant complexity,Sports,Adidas,17689.19,20569.43,127,Active
872,Operative systematic functionalities,Electronics,Adidas,30232.19,44177.46,283,Inactive
100,Team-oriented uniform open architecture,Clothing,Sony,38717.85,49071.71,109,Inactive
373,Organized eco-centric parallelism,Grocery,LG,37989.4,51627.22,214,Active
88,Upgradable responsive open system,Beauty,Levis,7587.79,9621.54,125,Inactive
459,Versatile disintermediate workforce,Books,Nestle,21402.13,26460.93,208,Active
331,Object-based zero tolerance analyzer,Beauty,Apple,26135.99,37145.21,436,Active
215,Persevering national utilization,Clothing,Philips,31817.1,42112.92,447,Inactive
467,User-centric coherent initiative,Beauty,Philips,13367.47,15674.93,313,Inactive
122,Customer-focused tangible throughput,Grocery,Nike,35402.07,39259.97,186,Active
615,Virtual needs-based artificial intelligence,Books,Levis,35814.92,38486.14,40,Inactive
21,Progressive executive Local Area Network,Toys,Adidas,15300.65,21879.14,76,Active
701,Optional multi-tasking Local Area Network,Sports,LG,1279.98,1425.31,79,Inactive
72,Distributed discrete capability,Clothing,LG,49383.46,55680.43,92,Active
107,Phased static task-force,Grocery,Samsung,42359.64,61889.22,58,Inactive
271,Networked 24/7 interface,Grocery,Puma,13813.55,20384.73,177,Inactive
861,Vision-oriented composite help-desk,Sports,Nike,36331.9,48907.39,132,Active
436,Multi-lateral actuating matrix,Sports,Apple,26086.54,36024.54,9,Inactive
103,Team-oriented stable intranet,Sports,Philips,13324.59,17383.3,342,Inactive
